{'rick buy': {'rick.buy@enron.com rick buy'}, 'john arnold': {'john.arnold@enron.com john arnold'}, 'kate symes': {'kate.symes@enron.com kate symes'}, 'mark whitt': {'mark.whitt@enron.com mark whitt'}, 'kay mann': {'kay.mann@enron.com kay mann'}, 'eric bass': {'eric.bass@enron.com eric bass'}, 'don baughman': {'don.baughman@enron.com don baughman'}, 'don black': {'don.black@enron.com don black'}, 'gerald nemec': {'gerald.nemec@enron.com gerald nemec'}, 'matthew lenhart': {'matthew.lenhart@enron.com matthew lenhart'}, 'elizabeth sager': {'elizabeth.sager@enron.com elizabeth sager'}, 'stewart rosman': {'stewart.rosman@enron.com stewart rosman'}, 'michelle lokay': {'michelle.lokay@enron.com michelle lokay'}, 'kevin hyatt': {'kevin.hyatt@enron.com kevin hyatt'}, 'james derrick': {'james.derrick@enron.com james derrick'}, 'chris dorland': {'chris.dorland@enron.com chris dorland'}, 'richard shapiro': {'richard.shapiro@enron.com richard shapiro'}, 'mike carson': {'mike.carson@enron.com mike carson'}, 'rosalee fleming': {'rosalee.fleming@enron.com rosalee fleming'}, 'stephanie panus': {'stephanie.panus@enron.com stephanie panus'}, 'mary hain': {'mary.hain@enron.com mary hain'}, 'tana jones': {'tana.jones@enron.com tana jones'}, 'louise kitchen': {'louise.kitchen@enron.com louise kitchen'}, 'jeff dasovich': {'jeff.dasovich@enron.com jeff dasovich'}, 'benjamin rogers': {'benjamin.rogers@enron.com benjamin rogers'}, 'mark taylor': {'mark.taylor@enron.com mark taylor'}, 'lloyd will': {'lloyd.will@enron.com lloyd will'}, 'barry tycholiz': {'barry.tycholiz@enron.com barry tycholiz'}, 'marie heard': {'marie.heard@enron.com marie heard'}, 'michelle cash': {'michelle.cash@enron.com michelle cash'}, 'lynn blair': {'lynn.blair@enron.com lynn blair'}, 'larry campbell': {'larry.campbell@enron.com larry campbell'}, 'greg whalley': {'greg.whalley@enron.com greg whalley'}, 'susan scott': {'susan.scott@enron.com susan scott'}, 'scott neal': {'scott.neal@enron.com scott neal'}, 'sally beck': {'sally.beck@enron.com sally beck'}, 'rod hayslett': {'rod.hayslett@enron.com rod hayslett'}, 'dana davis': {'dana.davis@enron.com dana davis'}, 'joe quenet': {'joe.quenet@enron.com joe quenet'}, 'andy zipper': {'andy.zipper@enron.com andy zipper'}, 'lysa akin': {'lysa.akin@enron.com lysa akin'}, 'mark guzman': {'mark.guzman@enron.com mark guzman'}, 'kevin ruscitti': {'kevin.ruscitti@enron.com kevin ruscitti'}, 'theresa staab': {'theresa.staab@enron.com theresa staab'}, 'robert benson': {'robert.benson@enron.com robert benson'}, 'john hodge': {'john.hodge@enron.com john hodge'}, 'juan hernandez': {'juan.hernandez@enron.com juan hernandez'}, 'geir solberg': {'geir.solberg@enron.com geir solberg'}, 'kam keiser': {'kam.keiser@enron.com kam keiser'}, 'sean crandall': {'sean.crandall@enron.com sean crandall'}, 'tracy geaccone': {'tracy.geaccone@enron.com tracy geaccone'}, 'mark fischer': {'mark.fischer@enron.com mark fischer'}, 'robert badeer': {'robert.badeer@enron.com robert badeer'}, 'darrell schoolcraft': {'darrell.schoolcraft@enron.com darrell schoolcraft'}, 'teb lokey': {'teb.lokey@enron.com teb lokey'}, 'chris stokley': {'chris.stokley@enron.com chris stokley'}, 'martin cuilla': {'martin.cuilla@enron.com martin cuilla'}, 'tom donohoe': {'tom.donohoe@enron.com tom donohoe'}, 'paul choi': {'paul.choi@enron.com paul choi'}, 'mary fischer': {'mary.fischer@enron.com mary fischer'}, 'vladi pimenov': {'vladi.pimenov@enron.com vladi pimenov'}, 'frank ermis': {'frank.ermis@enron.com frank ermis'}, 'diana scholtes': {'diana.scholtes@enron.com diana scholtes'}, 'kenneth lay': {'kenneth.lay@enron.com kenneth lay'}, 'phillip platter': {'phillip.platter@enron.com phillip platter'}, 'rogers herndon': {'rogers.herndon@enron.com rogers herndon'}, 'craig breslau': {'craig.breslau@enron.com craig breslau'}, 'jonathan mckay': {'jonathan.mckay@enron.com jonathan mckay'}, 'eric saibi': {'eric.saibi@enron.com eric saibi'}, 'joe stepenovitch': {'joe.stepenovitch@enron.com joe stepenovitch'}, 'ryan slinger': {'ryan.slinger@enron.com ryan slinger'}, 'mike swerzbin': {'mike.swerzbin@enron.com mike swerzbin'}, 'jeff king': {'jeff.king@enron.com jeff king'}, 'gautam gupta': {'gautam.gupta@enron.com gautam gupta'}, 'robert stalford': {'robert.stalford@enron.com robert stalford'}}
{'steven kean': {'steven.kean@enron.com steven j kean'}, 'vince kaminski': {'vince.kaminski@enron.com vince j kaminski'}, 'richard sanders': {'richard.sanders@enron.com richard b sanders'}, 'phillip love': {'phillip.love@enron.com phillip m love'}, 'jeffrey shankman': {'jeffrey.shankman@enron.com jeffrey a shankman'}, 'randall gay': {'randall.gay@enron.com randall l gay'}, 'patrice mims': {'patrice.mims@enron.com patrice l mims'}, 'john forney': {'john.forney@enron.com john m forney'}, 'carol clair': {'carol.clair@enron.com carol st clair'}, 'daren farmer': {'daren.farmer@enron.com daren j farmer'}, 'sandra brawner': {'sandra.brawner@enron.com sandra f brawner'}, 'peter keavey': {'peter.keavey@enron.com peter f keavey'}, 'dan hyvl': {'dan.hyvl@enron.com dan j hyvl'}, 'mark haedicke': {'mark.haedicke@enron.com mark e haedicke'}, 'james steffes': {'james.steffes@enron.com james d steffes'}, 'christopher calger': {'christopher.calger@enron.com christopher f calger'}, 'andrew lewis': {'andrew.lewis@enron.com andrew h lewis'}, 'david delainey': {'david.delainey@enron.com david w delainey'}, 'kevin presto': {'kevin.presto@enron.com kevin m presto'}, 'susan pereira': {'susan.pereira@enron.com susan w pereira'}, 'fletcher sturm': {'fletcher.sturm@enron.com fletcher j sturm'}, 'hunter shively': {'hunter.shively@enron.com hunter s shively'}, 'jane tholt': {'jane.tholt@enron.com jane m tholt'}, 'john lavorato': {'john.lavorato@enron.com john j lavorato'}, 'stacy dickson': {'stacy.dickson@enron.com stacy e dickson'}, 'frank vickers': {'frank.vickers@enron.com frank w vickers'}, 'thomas martin': {'thomas.martin@enron.com thomas a martin'}, 'mark davis': {'mark.davis@enron.com mark dana davis'}}
{'horton': {'kenneth.horton@enron.com kenneth horton', 'stanley.horton@enron.com stanley horton'}, 'fossum': {'drew.fossum@enron.com drew fossum'}, 'giron': {'darron.giron@enron.com darron c giron'}, 'meyers': {'julie.meyers@enron.com julie meyers', 'bert.meyers@enron.com bert meyers', 'matthew.meyers@enron.com matthew meyers'}, 'corman': {'shelley.corman@enron.com shelley corman'}, 'mclaughlin': {'tracy.mclaughlin@enron.com tracy mclaughlin', 'errol.mclaughlin@enron.com errol mclaughlin'}, 'donoho': {'lindy.donoho@enron.com lindy donoho'}, 'ring': {'andrea.ring@enron.com andrea ring'}, 'bailey': {'arnie.bailey@enron.com arnie bailey', 'derek.bailey@enron.com derek bailey', 'steven.bailey@enron.com steven bailey', 'mary.bailey@enron.com mary alison bailey', 'lillian.bailey@enron.com lillian bailey', 'susan.bailey@enron.com susan bailey', 'chris.bailey@enron.com chris bailey'}, 'ward': {'mary.ward@enron.com mary ward', 'charles.ward@enron.com charles ward', 'kim.ward@enron.com kim ward', 'bob.ward@enron.com bob ward', 'georgia.ward@enron.com georgia ward', 'jason.ward@enron.com jason ward ', 'tina.ward@enron.com tina ward', 'teddy.ward@enron.com teddy ward', 'leslie.ward@enron.com leslie a ward'}, 'foster': {'chris.foster@enron.com chris h foster', 'gary.foster@enron.com gary foster', 'david.foster@enron.com david foster', 'james.foster@enron.com james d foster'}, 'germany': {'chris.germany@enron.com chris germany'}, 'mckay': {'jonathan.mckay@enron.com jonathan mckay', 'monika.mckay@enron.com monika mckay', 'james.mckay@enron.com james mckay', 'brad.mckay@enron.com brad mckay'}, 'allen': {'lauri.allen@enron.com lauri a allen', 'louis.allen@enron.com louis allen', 'phillip.allen@enron.com phillip k allen', 'margaret.allen@enron.com margaret allen', 'michael.allen@enron.com michael allen', 'kimberly.allen@enron.com kimberly allen', 'jane.allen@enron.com jane allen', 'thresa.allen@enron.com thresa a allen', 'stephen.allen@enron.com stephen allen', 'latrisha.allen@enron.com latrisha allen'}, 'kuykendall': {'tori.kuykendall@enron.com tori kuykendall'}, 'thomas': {'donovan@enron.com donovan, thomas', 'kathryn.thomas@enron.com kathryn thomas', 'andrew.thomas@enron.com andrew thomas', 'sylvia.thomas@enron.com sylvia thomas', 'sheri.thomas@enron.com sheri thomas', 'jake.thomas@enron.com jake thomas', 'paul.thomas@enron.com paul d thomas', 'jerry.thomas@enron.com jerry thomas', 'mitchell.thomas@enron.com mitchell thomas'}, 'richey': {'cooper.richey@enron.com cooper richey'}, 'curry': {'mike.curry@enron.com mike curry', 'wanda.curry@enron.com wanda curry'}, 'maggi': {'mike.maggi@enron.com mike maggi'}, 'may': {'larry.may@enron.com larry may', 'tom.may@enron.com tom may'}, 'weldon': {'v.weldon@enron.com v charles weldon', 'kim.weldon@enron.com kim weldon'}, 'skilling': {'ken.skilling@enron.com ken lay and jeff skilling', 'mark.skilling@enron.com mark skilling ', 'jeff.skilling@enron.com jeff skilling'}, 'semperger': {'cara.semperger@enron.com cara semperger'}, 'salisbury': {'holden.salisbury@enron.com holden salisbury'}, 'luce': {'laura.luce@enron.com laura luce'}, 'arora': {'harry.arora@enron.com harry arora', 'bani.arora@enron.com bani arora'}, 'white': {'lyle.white@enron.com lyle white', 'johnnie.white@enron.com johnnie white', 'bill.white@enron.com bill white', 'jessica.white@enron.com jessica white', 'stacey.white@enron.com stacey w white', 'bonnie.white@enron.com bonnie white', 'julia.white@enron.com julia white', 'ann.white@enron.com ann elizabeth white'}, 'grigsby': {'mike.grigsby@enron.com mike grigsby'}, 'belden': {'tim.belden@enron.com tim belden'}, 'reitmeyer': {'jay.reitmeyer@enron.com jay reitmeyer'}, 'causholli': {'monika.causholli@enron.com monika causholli'}, 'rapp': {'bill.rapp@enron.com bill rapp'}, 'mccarty': {'melinda.mccarty@enron.com melinda mccarty', 'danny.mccarty@enron.com danny mccarty'}, 'townsend': {'judy.townsend@enron.com judy townsend'}, 'lucci': {'paul.lucci@enron.com paul t lucci'}, 'schwieger': {'jim.schwieger@enron.com jim schwieger'}, 'wolfe': {'stephen.wolfe@enron.com stephen wolfe', 'greg.wolfe@enron.com greg wolfe'}, 'watson': {'denys.watson@enron.com denys watson', 'kimberly.watson@enron.com kimberly watson'}, 'richter': {'jeff.richter@enron.com jeff richter', 'brad.richter@enron.com brad richter'}, 'gaskill': {'chris.gaskill@enron.com chris gaskill'}, 'dean': {'clint.dean@enron.com clint dean'}, 'storey': {'geoff.storey@enron.com geoff storey'}, 'wang': {'jun.wang@enron.com jun wang', 'n.wang@enron.com n jessie wang'}, 'parks': {'michelle.parks@enron.com michelle parks'}, 'zufferli': {'john.zufferli@enron.com john zufferli'}}

waiting = ['timothyheizenrader', 'cristopher foster', 'christopher gaskill', 'bill rapp ', 'vince kaminski', 'john lloldra', 'shelley corman ', 'andrea ring   ', 'berney aucoin', 'jeffery skilling', 'bradley mckay', ' judy townsend', 'keith holst ', 'kimberly watson ', 'geoffery storey', 'peter keavey', 'carol clair', 'susan pereira', 'thomas martin', 'mark haedicke', 'albert meyers  ', 'jeffrey shankman', 'eric lynder', 'andrew lewis', 'craig dean', 'harpreet arora', 'jeffery richter', 'monika causholli ', 'paul lucci ', 'susan bailey ', 'john zufferli ', 'david delainey', 'daron giron', 'drew fossum ', 'timothy belden', 'daren farmer', 'richard sanders', 'chris germany ', 'stacey white   ', 'laura luce ', 'douglas gilberth-smith', 'stacy dickson', 'michael grigsby', 'jane tholt', 'paul thomas ', 'patrice mims', 'christopher calger', 'cooper richey ', 'stanley horton ', 'thomos alonso', 'holden salisbury ', 'micheal swerzzbin', 'steven kean', 'charles weldon', 'hunter shively', 'lawrence may', 'kim ward ', 'kevin presto', 'jay reitmeyer ', 'lindy donoho ', 'cara semperger  ', 'danny mccarty ', 'phillip love', 'joe parks  ', 'michael curry', 'tori kuykendall ', 'randall gay', 'james schweiger', 'steve wang', 'james steffes', 'errol mclaughlin ', 'john lavorato', 'dan hyvl', 'michael maggi', 'john forney', 'jacob thomas', 'fletcher sturm', 'jason wolfe ', 'philip allen', 'richard ring', 'matthew motley', 'mark davis', 'john giffith', 'sandra brawner', 'frank vickers', 'jim schwieger ']
waiting2 = ['jeffery skilling', 'kim ward', 'geoffery storey', 'harpreet arora', 'cristopher foster', 'monika causholli ', 'jim schwieger ', 'laura luce ', 'john giffith', 'michael grigsby', 'douglas gilberth-smith', 'eric lynder', 'richard ring', 'chris germany ', 'jeffery richter', 'steve wang', 'holden salisbury ', 'susan bailey ', 'errol mclaughlin ', 'paul lucci ', 'christopher gaskill', 'danny mccarty ', 'lindy donoho ', 'daron giron', 'berney aucoin', 'bradley mckay', 'james schweiger', 'jacob thomas', 'thomos alonso', 'keith holst ', 'matthew motley', 'timothy belden', 'paul thomas ', 'jay reitmeyer ', 'drew fossum ', 'cooper richey ', 'stacey white   ', 'lawrence may', 'tori kuykendall ', 'craig dean', 'albert meyers  ', 'john zufferli ', 'philip allen', ' judy townsend', 'micheal swerzzbin', 'andrea ring   ', 'joe parks  ', 'cara semperger  ', 'stanley horton ', 'kimberly watson ', 'timothyheizenrader', 'bill rapp ', 'michael maggi', 'jason wolfe ', 'michael curry', 'shelley corman ', 'john lloldra', 'charles weldon']
waiting3 = ['timothy heizenrader', 'lloldra', 'motley', 'holst', 'gilberth-smith', 'alonso', 'schweiger', 'aucoin', 'lynder', 'giffith', 'swerzzbin']



{'steven kean': {'steven.kean@enron.com steven j kean'}, 'vince kaminski': {'vince.kaminski@enron.com vince j kaminski'}, 'richard sanders': {'richard.sanders@enron.com richard b sanders'}, 'phillip love': {'phillip.love@enron.com phillip m love'}, 'rick buy': {'rick.buy@enron.com rick buy'}, 'john arnold': {'john.arnold@enron.com john arnold'}, 'jeffrey shankman': {'jeffrey.shankman@enron.com jeffrey a shankman'}, 'kate symes': {'kate.symes@enron.com kate symes'}, 'mark whitt': {'mark.whitt@enron.com mark whitt'}, 'stanley horton': {'stanley.horton@enron.com stanley horton'}, 'drew fossum': {'drew.fossum@enron.com drew fossum'}, 'kay mann': {'kay.mann@enron.com kay mann'}, 'eric bass': {'eric.bass@enron.com eric bass'}, 'don baughman': {'don.baughman@enron.com don baughman'}, 'don black': {'don.black@enron.com don black'}, 'gerald nemec': {'gerald.nemec@enron.com gerald nemec'}, 'matthew lenhart': {'matthew.lenhart@enron.com matthew lenhart'}, 'randall gay': {'randall.gay@enron.com randall l gay'}, 'elizabeth sager': {'elizabeth.sager@enron.com elizabeth sager'}, 'shelley corman': {'shelley.corman@enron.com shelley corman'}, 'stewart rosman': {'stewart.rosman@enron.com stewart rosman'}, 'michelle lokay': {'michelle.lokay@enron.com michelle lokay'}, 'patrice mims': {'patrice.mims@enron.com patrice l mims'}, 'errol mclaughlin': {'errol.mclaughlin@enron.com errol mclaughlin'}, 'kevin hyatt': {'kevin.hyatt@enron.com kevin hyatt'}, 'john forney': {'john.forney@enron.com john m forney'}, 'lindy donoho': {'lindy.donoho@enron.com lindy donoho'}, 'james derrick': {'james.derrick@enron.com james derrick'}, 'chris dorland': {'chris.dorland@enron.com chris dorland'}, 'richard shapiro': {'richard.shapiro@enron.com richard shapiro'}, 'mike carson': {'mike.carson@enron.com mike carson'}, 'susan scott': {'susan.scott@enron.com susan m scott', 'susan.scott@enron.com susan scott'}, 'carol clair': {'carol.clair@enron.com carol st clair'}, 'andrea ring': {'andrea.ring@enron.com andrea ring'}, 'daren farmer': {'daren.farmer@enron.com daren j farmer'}, 'rosalee fleming': {'rosalee.fleming@enron.com rosalee fleming'}, 'sandra brawner': {'sandra.brawner@enron.com sandra f brawner'}, 'peter keavey': {'peter.keavey@enron.com peter f keavey'}, 'stephanie panus': {'stephanie.panus@enron.com stephanie panus'}, 'mary hain': {'mary.hain@enron.com mary hain'}, 'tana jones': {'tana.jones@enron.com tana jones'}, 'louise kitchen': {'louise.kitchen@enron.com louise kitchen'}, 'jeff dasovich': {'jeff.dasovich@enron.com jeff dasovich'}, 'benjamin rogers': {'benjamin.rogers@enron.com benjamin rogers'}, 'mark taylor': {'mark.taylor@enron.com mark e taylor', 'mark.taylor@enron.com mark taylor', 'mark.taylor@enron.com mark a taylor', 'mark.taylor@enron.com mark - ect legal taylor'}, 'lloyd will': {'lloyd.will@enron.com lloyd will'}, 'dan hyvl': {'dan.hyvl@enron.com dan j hyvl'}, 'susan bailey': {'susan.bailey@enron.com susan bailey'}, 'barry tycholiz': {'barry.tycholiz@enron.com barry tycholiz'}, 'kim ward': {'kim.ward@enron.com kim ward'}, 'marie heard': {'marie.heard@enron.com marie heard'}, 'mark haedicke': {'mark.haedicke@enron.com mark e haedicke'}, 'james steffes': {'james.steffes@enron.com james d steffes'}, 'michelle cash': {'michelle.cash@enron.com michelle cash'}, 'lynn blair': {'lynn.blair@enron.com lynn blair'}, 'larry campbell': {'larry.campbell@enron.com larry campbell', 'larry.campbell@enron.com larry f campbell'}, 'chris germany': {'chris.germany@enron.com chris germany'}, 'greg whalley': {'greg.whalley@enron.com greg whalley'}, 'scott neal': {'scott.neal@enron.com scott neal'}, 'sally beck': {'sally.beck@enron.com sally beck'}, 'rod hayslett': {'rod.hayslett@enron.com rod hayslett'}, 'christopher calger': {'christopher.calger@enron.com christopher f calger'}, 'dana davis': {'dana.davis@enron.com dana davis'}, 'andrew lewis': {'andrew.lewis@enron.com andrew h lewis'}, 'david delainey': {'david.delainey@enron.com david w delainey'}, 'kevin presto': {'kevin.presto@enron.com kevin m presto'}, 'tori kuykendall': {'tori.kuykendall@enron.com tori kuykendall'}, 'joe quenet': {'joe.quenet@enron.com joe quenet'}, 'andy zipper': {'andy.zipper@enron.com andy zipper'}, 'susan pereira': {'susan.pereira@enron.com susan w pereira'}, 'lysa akin': {'lysa.akin@enron.com lysa akin'}, 'mark guzman': {'mark.guzman@enron.com mark guzman'}, 'kevin ruscitti': {'kevin.ruscitti@enron.com kevin ruscitti'}, 'fletcher sturm': {'fletcher.sturm@enron.com fletcher j sturm'}, 'cooper richey': {'cooper.richey@enron.com cooper richey'}, 'hunter shively': {'hunter.shively@enron.com hunter s shively'}, 'theresa staab': {'theresa.staab@enron.com theresa staab'}, 'robert benson': {'robert.benson@enron.com robert benson'}, 'john hodge': {'john.hodge@enron.com john hodge'}, 'jane tholt': {'jane.tholt@enron.com jane m tholt'}, 'juan hernandez': {'juan.hernandez@enron.com juan hernandez'}, 'geir solberg': {'geir.solberg@enron.com geir solberg'}, 'john lavorato': {'john.lavorato@enron.com john j lavorato'}, 'kam keiser': {'kam.keiser@enron.com kam keiser'}, 'stacy dickson': {'stacy.dickson@enron.com stacy e dickson'}, 'cara semperger': {'cara.semperger@enron.com cara semperger'}, 'sean crandall': {'sean.crandall@enron.com sean crandall'}, 'holden salisbury': {'holden.salisbury@enron.com holden salisbury'}, 'frank vickers': {'frank.vickers@enron.com frank w vickers'}, 'laura luce': {'laura.luce@enron.com laura luce'}, 'stacey white': {'stacey.white@enron.com stacey w white'}, 'tracy geaccone': {'tracy.geaccone@enron.com tracy geaccone'}, 'mark fischer': {'mark.fischer@enron.com mark fischer'}, 'jay reitmeyer': {'jay.reitmeyer@enron.com jay reitmeyer'}, 'monika causholli': {'monika.causholli@enron.com monika causholli'}, 'robert badeer': {'robert.badeer@enron.com robert badeer'}, 'darrell schoolcraft': {'darrell.schoolcraft@enron.com darrell schoolcraft'}, 'teb lokey': {'teb.lokey@enron.com teb lokey'}, 'chris stokley': {'chris.stokley@enron.com chris stokley'}, 'martin cuilla': {'martin.cuilla@enron.com martin cuilla'}, 'tom donohoe': {'tom.donohoe@enron.com tom donohoe'}, 'paul lucci': {'paul.lucci@enron.com paul t lucci'}, 'jim schwieger': {'jim.schwieger@enron.com jim schwieger'}, 'thomas martin': {'thomas.martin@enron.com thomas a martin'}, 'paul choi': {'paul.choi@enron.com paul choi'}, 'mary fischer': {'mary.fischer@enron.com mary fischer'}, 'mark davis': {'mark.davis@enron.com mark dana davis'}, 'vladi pimenov': {'vladi.pimenov@enron.com vladi pimenov'}, 'frank ermis': {'frank.ermis@enron.com frank ermis'}, 'diana scholtes': {'diana.scholtes@enron.com diana scholtes'}, 'kenneth lay': {'kenneth.lay@enron.com kenneth lay'}, 'phillip platter': {'phillip.platter@enron.com phillip platter'}, 'paul thomas': {'paul.thomas@enron.com paul d thomas'}, 'kimberly watson': {'kimberly.watson@enron.com kimberly watson'}, 'rogers herndon': {'rogers.herndon@enron.com rogers herndon'}, 'craig breslau': {'craig.breslau@enron.com craig breslau'}, 'danny mccarty': {'danny.mccarty@enron.com danny mccarty'}, 'jonathan mckay': {'jonathan.mckay@enron.com jonathan mckay'}, 'eric saibi': {'eric.saibi@enron.com eric saibi'}, 'joe stepenovitch': {'joe.stepenovitch@enron.com joe stepenovitch'}, 'ryan slinger': {'ryan.slinger@enron.com ryan slinger'}, 'mike swerzbin': {'mike.swerzbin@enron.com mike swerzbin'}, 'jeff king': {'jeff.king@enron.com jeff king'}, 'gautam gupta': {'gautam.gupta@enron.com gautam gupta'}, 'robert stalford': {'robert.stalford@enron.com robert stalford'}, 'john zufferli': {'john.zufferli@enron.com john zufferli'}})
{'daron giron': {'darron.giron@enron.com darron c giron'}, 'albert meyers': {'bert.meyers@enron.com bert meyers'}, 'richard ring': {'andrea.ring@enron.com andrea ring'}, 'cristopher foster': {'chris.foster@enron.com chris h foster'}, 'bradley mckay': {'brad.mckay@enron.com brad mckay'}, 'philip allen': { 'phillip.allen@enron.com phillip k allen'}, 'jacob thomas': {'jake.thomas@enron.com jake thomas'}, 'michael curry': {'mike.curry@enron.com mike curry'}, 'michael maggi': {'mike.maggi@enron.com mike maggi'}, 'lawrence may': {'larry.may@enron.com larry may'}, 'charles weldon': {'v.weldon@enron.com v charles weldon'}, 'jeffery skilling': {'jeff.skilling@enron.com jeff skilling'}, 'harpreet arora': {'harry.arora@enron.com harry arora'}, 'michael grigsby': {'mike.grigsby@enron.com mike grigsby'}, 'timothy belden': {'tim.belden@enron.com tim belden'}, 'bill rapp ': {'bill.rapp@enron.com bill rapp'}, ' judy townsend': {'judy.townsend@enron.com judy townsend'}, 'jason wolfe': {'jason.wolfe@enron.com'}, 'jeffery richter': {'jeff.richter@enron.com jeff richter'}, 'christopher gaskill': {'chris.gaskill@enron.com chris gaskill'}, 'craig dean': {'clint.dean@enron.com clint dean'}, 'geoffery storey': {'geoff.storey@enron.com geoff storey'}, 'timothy heizenrader': {'tim.heizenrader@enron.com tim heizenrader'}, 'steve wang': {'steve.wang@enron.com'}, 'joe parks': {'michelle.parks@enron.com michelle parks'}}
{'micheal swerzzbin': {'mike.swerzbin@enron.com'}, 'james schweiger': {'jim.schwieger@enron.com'}, 'douglas gilberth-smith': {'doug.gilbert-smith@enron.com'}, 'keith holst': {'keith.holst@enron.com'}, 'thomos alonso': {'d..thomas@enron.com'}, 'john giffith': {'john.griffith@enron.com'}, 'berney aucoin': {'berney.aucoin@enron.com'}, 'eric lynder': {'eric.linder@enron.com'}, 'john lloldra': {''}, 'matthew motley': {'matt.motley@enron.com'}}

waiting = ['charles weldon', 'thomos alonso', 'albert meyers', 'micheal swerzzbin', 'matthew motley', 'timothy belden', 'berney aucoin', 'james schweiger', 'bill rapp ', 'jason wolfe', 'michael maggi', 'steve wang', 'john giffith', 'harpreet arora', 'daron giron', 'eric lynder', 'joe parks', 'michael curry', 'timothy heizenrader', 'craig dean', 'bradley mckay', 'jeffery richter', 'keith holst', 'michael grigsby', 'richard ring', 'douglas gilberth-smith', 'philip allen', 'jacob thomas', 'lawrence may', ' judy townsend', 'jeffery skilling', 'john lloldra', 'christopher gaskill', 'geoffery storey', 'cristopher foster']

waiting2 = ['micheal swerzzbin', 'james schweiger', 'douglas gilberth-smith', 'keith holst', 'thomos alonso', 'john giffith', 'berney aucoin', 'eric lynder', 'john lloldra', 'matthew motley']
email2 = ['mike.swerzbin@enron.com','jim.schwieger@enron.com','doug.gilbert-smith@enron.com','keith.holst@enron.com','d..thomas@enron.com','john.griffith@enron.com', '','eric.linder@enron.com', '','matt.motley@enron.com']

question = steve wang,john lloldra,berney aucoin, jacob thomas
['steve.wang@enron.com','','berney.aucoin@enron.com','jake thomas']


{'steven kean': {'steven.kean@enron.com steven j kean'}, 'vince kaminski': {'vince.kaminski@enron.com vince j kaminski'}, 'richard sanders': {'richard.sanders@enron.com richard b sanders'}, 'phillip love': {'phillip.love@enron.com phillip m love'}, 'rick buy': {'rick.buy@enron.com rick buy'}, 'john arnold': {'john.arnold@enron.com john arnold'}, 'jeffrey shankman': {'jeffrey.shankman@enron.com jeffrey a shankman'}, 'kate symes': {'kate.symes@enron.com kate symes'}, 'mark whitt': {'mark.whitt@enron.com mark whitt'}, 'stanley horton': {'stanley.horton@enron.com stanley horton'}, 'drew fossum': {'drew.fossum@enron.com drew fossum'}, 'kay mann': {'kay.mann@enron.com kay mann'}, 'eric bass': {'eric.bass@enron.com eric bass'}, 'don baughman': {'don.baughman@enron.com don baughman'}, 'don black': {'don.black@enron.com don black'}, 'gerald nemec': {'gerald.nemec@enron.com gerald nemec'}, 'matthew lenhart': {'matthew.lenhart@enron.com matthew lenhart'}, 'randall gay': {'randall.gay@enron.com randall l gay'}, 'elizabeth sager': {'elizabeth.sager@enron.com elizabeth sager'}, 'shelley corman': {'shelley.corman@enron.com shelley corman'}, 'stewart rosman': {'stewart.rosman@enron.com stewart rosman'}, 'michelle lokay': {'michelle.lokay@enron.com michelle lokay'}, 'patrice mims': {'patrice.mims@enron.com patrice l mims'}, 'errol mclaughlin': {'errol.mclaughlin@enron.com errol mclaughlin'}, 'kevin hyatt': {'kevin.hyatt@enron.com kevin hyatt'}, 'john forney': {'john.forney@enron.com john m forney'}, 'lindy donoho': {'lindy.donoho@enron.com lindy donoho'}, 'james derrick': {'james.derrick@enron.com james derrick'}, 'chris dorland': {'chris.dorland@enron.com chris dorland'}, 'richard shapiro': {'richard.shapiro@enron.com richard shapiro'}, 'mike carson': {'mike.carson@enron.com mike carson'}, 'susan scott': {'susan.scott@enron.com susan scott', 'susan.scott@enron.com susan m scott'}, 'carol clair': {'carol.clair@enron.com carol st clair'}, 'andrea ring': {'andrea.ring@enron.com andrea ring'}, 'daren farmer': {'daren.farmer@enron.com daren j farmer'}, 'rosalee fleming': {'rosalee.fleming@enron.com rosalee fleming'}, 'sandra brawner': {'sandra.brawner@enron.com sandra f brawner'}, 'peter keavey': {'peter.keavey@enron.com peter f keavey'}, 'stephanie panus': {'stephanie.panus@enron.com stephanie panus'}, 'mary hain': {'mary.hain@enron.com mary hain'}, 'tana jones': {'tana.jones@enron.com tana jones'}, 'louise kitchen': {'louise.kitchen@enron.com louise kitchen'}, 'jeff dasovich': {'jeff.dasovich@enron.com jeff dasovich'}, 'benjamin rogers': {'benjamin.rogers@enron.com benjamin rogers'}, 'mark taylor': {'mark.taylor@enron.com mark taylor', 'mark.taylor@enron.com mark a taylor', 'mark.taylor@enron.com mark e taylor', 'mark.taylor@enron.com mark - ect legal taylor'}, 'lloyd will': {'lloyd.will@enron.com lloyd will'}, 'dan hyvl': {'dan.hyvl@enron.com dan j hyvl'}, 'susan bailey': {'susan.bailey@enron.com susan bailey'}, 'barry tycholiz': {'barry.tycholiz@enron.com barry tycholiz'}, 'kim ward': {'kim.ward@enron.com kim ward'}, 'marie heard': {'marie.heard@enron.com marie heard'}, 'mark haedicke': {'mark.haedicke@enron.com mark e haedicke'}, 'james steffes': {'james.steffes@enron.com james d steffes'}, 'michelle cash': {'michelle.cash@enron.com michelle cash'}, 'lynn blair': {'lynn.blair@enron.com lynn blair'}, 'larry campbell': {'larry.campbell@enron.com larry f campbell', 'larry.campbell@enron.com larry campbell'}, 'chris germany': {'chris.germany@enron.com chris germany'}, 'greg whalley': {'greg.whalley@enron.com greg whalley'}, 'scott neal': {'scott.neal@enron.com scott neal'}, 'sally beck': {'sally.beck@enron.com sally beck'}, 'rod hayslett': {'rod.hayslett@enron.com rod hayslett'}, 'christopher calger': {'christopher.calger@enron.com christopher f calger'}, 'dana davis': {'dana.davis@enron.com dana davis'}, 'andrew lewis': {'andrew.lewis@enron.com andrew h lewis'}, 'david delainey': {'david.delainey@enron.com david w delainey'}, 'kevin presto': {'kevin.presto@enron.com kevin m presto'}, 'tori kuykendall': {'tori.kuykendall@enron.com tori kuykendall'}, 'joe quenet': {'joe.quenet@enron.com joe quenet'}, 'andy zipper': {'andy.zipper@enron.com andy zipper'}, 'susan pereira': {'susan.pereira@enron.com susan w pereira'}, 'lysa akin': {'lysa.akin@enron.com lysa akin'}, 'mark guzman': {'mark.guzman@enron.com mark guzman'}, 'kevin ruscitti': {'kevin.ruscitti@enron.com kevin ruscitti'}, 'fletcher sturm': {'fletcher.sturm@enron.com fletcher j sturm'}, 'cooper richey': {'cooper.richey@enron.com cooper richey'}, 'hunter shively': {'hunter.shively@enron.com hunter s shively'}, 'theresa staab': {'theresa.staab@enron.com theresa staab'}, 'robert benson': {'robert.benson@enron.com robert benson'}, 'john hodge': {'john.hodge@enron.com john hodge'}, 'jane tholt': {'jane.tholt@enron.com jane m tholt'}, 'juan hernandez': {'juan.hernandez@enron.com juan hernandez'}, 'geir solberg': {'geir.solberg@enron.com geir solberg'}, 'john lavorato': {'john.lavorato@enron.com john j lavorato'}, 'kam keiser': {'kam.keiser@enron.com kam keiser'}, 'stacy dickson': {'stacy.dickson@enron.com stacy e dickson'}, 'cara semperger': {'cara.semperger@enron.com cara semperger'}, 'sean crandall': {'sean.crandall@enron.com sean crandall'}, 'holden salisbury': {'holden.salisbury@enron.com holden salisbury'}, 'frank vickers': {'frank.vickers@enron.com frank w vickers'}, 'laura luce': {'laura.luce@enron.com laura luce'}, 'stacey white': {'stacey.white@enron.com stacey w white'}, 'tracy geaccone': {'tracy.geaccone@enron.com tracy geaccone'}, 'mark fischer': {'mark.fischer@enron.com mark fischer'}, 'jay reitmeyer': {'jay.reitmeyer@enron.com jay reitmeyer'}, 'monika causholli': {'monika.causholli@enron.com monika causholli'}, 'robert badeer': {'robert.badeer@enron.com robert badeer'}, 'darrell schoolcraft': {'darrell.schoolcraft@enron.com darrell schoolcraft'}, 'teb lokey': {'teb.lokey@enron.com teb lokey'}, 'chris stokley': {'chris.stokley@enron.com chris stokley'}, 'martin cuilla': {'martin.cuilla@enron.com martin cuilla'}, 'tom donohoe': {'tom.donohoe@enron.com tom donohoe'}, 'paul lucci': {'paul.lucci@enron.com paul t lucci'}, 'jim schwieger': {'jim.schwieger@enron.com jim schwieger'}, 'thomas martin': {'thomas.martin@enron.com thomas a martin'}, 'paul choi': {'paul.choi@enron.com paul choi'}, 'mary fischer': {'mary.fischer@enron.com mary fischer'}, 'mark davis': {'mark.davis@enron.com mark dana davis'}, 'vladi pimenov': {'vladi.pimenov@enron.com vladi pimenov'}, 'frank ermis': {'frank.ermis@enron.com frank ermis'}, 'diana scholtes': {'diana.scholtes@enron.com diana scholtes'}, 'kenneth lay': {'kenneth.lay@enron.com kenneth lay'}, 'phillip platter': {'phillip.platter@enron.com phillip platter'}, 'paul thomas': {'paul.thomas@enron.com paul d thomas'}, 'kimberly watson': {'kimberly.watson@enron.com kimberly watson'}, 'rogers herndon': {'rogers.herndon@enron.com rogers herndon'}, 'craig breslau': {'craig.breslau@enron.com craig breslau'}, 'danny mccarty': {'danny.mccarty@enron.com danny mccarty'}, 'jonathan mckay': {'jonathan.mckay@enron.com jonathan mckay'}, 'eric saibi': {'eric.saibi@enron.com eric saibi'}, 'joe stepenovitch': {'joe.stepenovitch@enron.com joe stepenovitch'}, 'ryan slinger': {'ryan.slinger@enron.com ryan slinger'}, 'mike swerzbin': {'mike.swerzbin@enron.com mike swerzbin'}, 'jeff king': {'jeff.king@enron.com jeff king'}, 'gautam gupta': {'gautam.gupta@enron.com gautam gupta'}, 'robert stalford': {'robert.stalford@enron.com robert stalford'}, 'john zufferli': {'john.zufferli@enron.com john zufferli'}, 'daron giron': {'darron.giron@enron.com darron c giron'}, 'albert meyers': {'bert.meyers@enron.com bert meyers'}, 'richard ring': {'andrea.ring@enron.com andrea ring'}, 'cristopher foster': {'chris.foster@enron.com chris h foster'}, 'bradley mckay': {'brad.mckay@enron.com brad mckay'}, 'philip allen': {'phillip.allen@enron.com phillip k allen'}, 'jacob thomas': {'jake.thomas@enron.com jake thomas'}, 'michael curry': {'mike.curry@enron.com mike curry'}, 'michael maggi': {'mike.maggi@enron.com mike maggi'}, 'lawrence may': {'larry.may@enron.com larry may'}, 'charles weldon': {'v.weldon@enron.com v charles weldon'}, 'jeffery skilling': {'jeff.skilling@enron.com jeff skilling'}, 'harpreet arora': {'harry.arora@enron.com harry arora'}, 'michael grigsby': {'mike.grigsby@enron.com mike grigsby'}, 'timothy belden': {'tim.belden@enron.com tim belden'}, 'bill rapp ': {'bill.rapp@enron.com bill rapp'}, ' judy townsend': {'judy.townsend@enron.com judy townsend'}, 'jason wolfe': {'jason.wolfe@enron.com'}, 'jeffery richter': {'jeff.richter@enron.com jeff richter'}, 'christopher gaskill': {'chris.gaskill@enron.com chris gaskill'}, 'craig dean': {'clint.dean@enron.com clint dean'}, 'geoffery storey': {'geoff.storey@enron.com geoff storey'}, 'timothy heizenrader': {'tim.heizenrader@enron.com tim heizenrader'}, 'steve wang': {'steve.wang@enron.com'}, 'joe parks': {'michelle.parks@enron.com michelle parks'}, 'micheal swerzzbin': {'mike.swerzbin@enron.com'}, 'james schweiger': {'jim.schwieger@enron.com'}, 'douglas gilberth-smith': {'doug.gilbert-smith@enron.com'}, 'keith holst': {'keith.holst@enron.com'}, 'thomos alonso': {'d..thomas@enron.com'}, 'john giffith': {'john.griffith@enron.com'}, 'berney aucoin': {'berney.aucoin@enron.com'}, 'eric lynder': {'eric.linder@enron.com'}, 'john lloldra': {''}, 'matthew motley': {'matt.motley@enron.com'}}